<?xml version="1.0" encoding="utf-8"?>
<!--    -->
<demos>
   <name>Global Optimization</name>
   <type>toolbox</type>
   <icon>$toolbox/matlab/icons/matlabicon.gif</icon>
   <description isCdata="no">
<p>Global Optimization Toolbox provides methods that search for global solutions to 
problems that contain multiple maxima or minima. It includes global search, multistart, 
pattern search, genetic algorithm, particle swarm, and simulated annealing solvers. You 
can use these solvers to solve optimization problems where the objective or constraint 
function is continuous, discontinuous, stochastic, does not possess derivatives, or 
includes simulations or black-box functions with undefined values for some parameter 
settings.</p>
<p>Genetic algorithm and pattern search solvers support algorithmic customization. 
You can create a custom genetic algorithm variant by modifying initial population 
and fitness scaling options or by defining parent selection, crossover, and mutation 
functions. You can customize pattern search by defining polling, searching, and other 
functions. 
</p>
   </description>
   <demosection><label>Global or Multiple Starting Point Search</label>
   <demoitem>
      <label>Maximizing Monochromatic Polarized Light Interference Patterns Using GlobalSearch and MultiStart</label>
      <type>M-file</type>
      <source>opticalInterferenceDemo</source>
   </demoitem>
 </demosection>
   
 <demosection><label>Genetic Algorithm</label>
   <demoitem>
      <label>Solving a Mixed Integer Engineering Design Problem Using the Genetic Algorithm</label>
      <type>M-file</type>
      <source>steppedCantileverExample</source>
   </demoitem>   
   <demoitem>
      <label>Coding and Minimizing a Fitness Function Using the Genetic Algorithm</label>
      <type>M-file</type>
      <source>gafitness</source>
   </demoitem>
   <demoitem>
      <label>Constrained Minimization Using the Genetic Algorithm</label>
     <type>M-file</type>
      <source>gaconstrained</source>
   </demoitem>
   <demoitem>
      <label>Genetic Algorithm Options</label>
      <type>M-file</type>
      <source>gaoptionsdemo</source>
   </demoitem>
   <demoitem>
      <label>Performing a Multiobjective Optimization Using the Genetic Algorithm</label>
      <type>M-file</type>
      <source>gamultiobjfitness</source>
   </demoitem>
   <demoitem>
      <label>Multiobjective Genetic Algorithm Options</label>
      <type>M-file</type>
      <source>gamultiobjoptionsdemo</source>
   </demoitem>
   <demoitem>
      <label>Custom Data Type Optimization Using the Genetic Algorithm</label>
      <type>M-file</type>
      <source>traveling_salesman_demo</source>
   </demoitem>
</demosection>

<demosection><label>Direct Search</label>
   <demoitem>
      <label>Coding and Minimizing an Objective Function Using Pattern Search</label>
      <type>M-file</type>
      <source>psobjective</source>
   </demoitem>
   <demoitem>
      <label>Constrained Minimization Using Pattern Search</label>
     <type>M-file</type>
      <source>psconstrained</source>
   </demoitem>
   <demoitem>
      <label>Pattern Search Options</label>
      <type>M-file</type>
      <source>psoptionsdemo</source>
   </demoitem>
   <demoitem>
      <label>Pattern Search Climbs Mount Washington</label>
      <type>M-file</type>
      <source>mtwashdemo</source>
   </demoitem>
</demosection>

<demosection><label>Particle Swarm</label>
   <demoitem>
      <label>Optimize Using a Particle Swarm</label>
      <type>M-file</type>
      <source>ParticleSwarmExample</source>
   </demoitem>
 </demosection>

<demosection><label>Simulated Annealing</label>
   <demoitem>
      <label>Minimization Using Simulated Annealing Algorithm</label>
      <type>M-file</type>
      <source>saobjective</source>
   </demoitem>
   <demoitem>
      <label>Simulated Annealing Options</label>
      <type>M-file</type>
      <source>saoptionsdemo</source>
   </demoitem>
   <demoitem>
      <label>Custom Data Type Optimization Using Simulated Annealing</label>
      <type>M-file</type>
      <source>samultiprocessordemo</source>
   </demoitem>
 </demosection>

<demosection><label>Applications</label>
   <demoitem>
      <label>Hybrid Scheme in the Genetic Algorithm</label>
      <type>M-file</type>
      <source>hybriddemo</source>
   </demoitem>
   <demoitem>
      <label>Optimization of Non-smooth Objective Function</label>
     <type>M-file</type>
      <source>nonSmoothOpt</source>
   </demoitem>
   <demoitem>
      <label>Optimization of Stochastic Objective Function</label>
     <type>M-file</type>
      <source>stochasticOpt</source>
   </demoitem>
</demosection>
   
</demos>
